Time taken, Number of entries, Number of buckets
0.0011568069458, 20000, 10
0.00169110298157, 20000, 100
0.00434398651123, 20000, 1000
0.0337240695953, 20000, 10000
0.351464033127, 20000, 100000
